{"cameraMode":{"drawMode":0,"name":"Shaded","section":"Shading Mode"},"sceneLighting":true,"audioPlay":false,"sceneViewState":{"m_AlwaysRefresh":false,"showFog":true,"showSkybox":true,"showFlares":true,"showImageEffects":true,"showParticleSystems":true,"showVisualEffectGraphs":true,"m_FxEnabled":true},"in2DMode":false,"pivot":{"x":1.0741277933120728,"y":-0.7897974252700806,"z":4.5737199783325199},"rotation":{"x":0.10031654685735703,"y":-0.017411908134818078,"z":0.0017541177803650499,"w":0.9948123097419739},"size":2.6124420166015627,"orthographic":false}